"id","year","month","source","Job Title","Description","Qualifications","Organization Name","Economía Internacional","Finanzas","Teoría Económica","Organizacion Industrial y Regulación","Métodos Cuantitativos/ Investigación Económica","Proyectos/Planeamiento estratégico","Estudios de mercado"
"analista senior de planeamiento y control de gestión elaboración de planning financiero proyección de eeff de ebitda y de última línea balance de caja forecast budget proyección de gastos y costos armado de business case modelado de proyectos económicos deseable con estudios de postgrado en finanzas o mba deseable experiencia en cargos de planeamiento y control de gestión inglés avanzado manejo de herramientas microsoft office excel a nivel avanzado access a nivel intermedio",2017,1,"symplicity","Analista Senior de Planeamiento y Control de Gestión","Elaboración de Planning Financiero (Proyección de EEFF, de EBITDA y de última línea, Balance de Caja, Forecast, Budget).
Proyección de gastos y costos.
Armado de Business case, modelado de proyectos económicos.","Deseable con estudios de postgrado en finanzas o MBA.
Deseable experiencia en cargos de planeamiento y control de gestión.
Inglés Avanzado.
Manejo de herramientas Microsoft Office; Excel a nivel  avanzado, Access a nivel Intermedio.","Americatel Perú S.A. (20428698569)",,"X",,,,"X",
"reclutamiento practicante r p n 027 dpto de educación e inclusión financiera pucp apoyo en la recopilación procesamiento y análisis sobre los temas de educación e inclusión financiera apoyo en la elaboración de presentaciones e informes del departamento apoyo en la revisión de prácticas internacionales sobre los temas de educación e inclusión financiera apoyo en la preparación de documentos de investigación sobre los temas de educación e inclusión financiera inglés intermedio excel word power point y base de datos a nivel intermedio capacidad de análisis y síntesis responsabilidad y creatividad",2015,3,"symplicity","Reclutamiento Practicante R-P N° 027 Dpto. de Educación e Inclusión Financiera - PUCP","Apoyo en la recopilación, procesamiento y análisis sobre los temas de educación e inclusión financiera. 
Apoyo en la elaboración de presentaciones e informes del departamento. 
Apoyo en la revisión de prácticas internacionales sobre los temas de educación e inclusión financiera. 
Apoyo en la preparación de documentos de investigación sobre los temas de educación e inclusión financiera.","Inglés Intermedio. Excel Word Power Point y Base de Datos a nivel intermedio.
Capacidad de análisis y síntesis. Responsabilidad y creatividad.","Superintendencia de Banca, Seguros y AFP - SBS (20131370564)",,"X",,,,,
"practicante de estudios económicos procesamiento y análisis de bases de datos búsqueda y procesamiento de información asistencia en la elaboración de informes y presentaciones indispensable sólidos conocimientos de macroeconomía y excel avanzado manejo de bases de datos y paquetes estadísticos spss stata avanzado otros aptitud para investigar facilidad para analizar datos buena redacción",2014,9,"symplicity","Practicante de Estudios Económicos","+ Procesamiento y análisis de bases de datos. 
+ Búsqueda y procesamiento de información. 
+ Asistencia en la elaboración de informes y presentaciones.","+ Indispensable: sólidos conocimientos de macroeconomía y Excel avanzado. 
+ Manejo de bases de datos y paquetes estadísticos (SPSS, Stata avanzado, otros)
+ Aptitud para investigar
+ Facilidad para analizar datos
+ Buena redacción","Proexpansión S.R.L. (20506659681)",,,"X",,"X",,
"analista de regulación tarifaria evaluación interna de los aspectos tarifarios y económicos de las acciones comerciales que impulsa la empresa coordinar directamente con las diversas áreas comerciales de la empresa evaluar la consistencia de la acción comercial que se está impulsando con procesos económicos regulatorios en curso o futuros con las tarifas tope vigentes así como con las normas tarifarias vigentes analizar la coherencia tarifaria a nivel de costos competencia y otros servicios de las nuevas acciones comerciales proceder a la revisión coordinación y publicación en el sistema de registro de osiptel sirt de las tarifas y condiciones de las acciones comerciales de la empresa publicación dentro de los plazos regulatorios cumpliendo con las premisas previstas por el osiptel participar en proyectos tarifarios o de análisis de mercado iniciados a o por la empresa evaluaciones de los diferentes mercados de telecomunicaciones procedimientos de fijación revisión de cargos y tarifas tope bachiller o titulado en las carreras de economía o afines experiencia de 3 a 5 años en temas de regulación económica regulación tarifaria análisis de competencia evaluación de mercado conocimiento de herramientas para el manejo y análisis de base de datos manejo de office nivel intermedio",2017,1,"symplicity","Analista de Regulación Tarifaria","•	Evaluación interna de los aspectos tarifarios y económicos de las acciones comerciales que impulsa la empresa.
•	Coordinar directamente con las diversas áreas comerciales de la empresa.
•	Evaluar la consistencia de la acción comercial que se está impulsando, con procesos económicos regulatorios en curso o futuros, con las tarifas tope vigentes, así como con las normas tarifarias vigentes.
•	Analizar la coherencia tarifaria a nivel de costos, competencia y otros servicios de las nuevas acciones comerciales.
•	Proceder a la revisión, coordinación y publicación en el Sistema de Registro de OSIPTEL (SIRT) de las tarifas y condiciones de las acciones comerciales de la empresa
•	Publicación dentro de los plazos regulatorios, cumpliendo con las premisas previstas por el OSIPTEL.
•	Participar en proyectos tarifarios o de análisis de mercado iniciados a/o por la empresa
•	Evaluaciones de los diferentes mercados de telecomunicaciones.
•	Procedimientos de fijación/revisión de cargos y tarifas tope.","•	Bachiller o Titulado en las carreras de economía o afines. 
•	Experiencia de 3 a 5 años en temas de regulación económica (regulación tarifaria, análisis de competencia, evaluación de mercado).
•	Conocimiento de herramientas para el manejo y análisis de base de datos.
•	Manejo de Office, nivel intermedio.","CL SELECTION S.A.C. (20522290140)",,,,"X",,,
"analista económico sectorial participar en la elaboración de informes especiales y presentaciones así como en la edición de los documentos de trabajo de la oee apoyar en la gestión y monitoreo de la participación del osinergmin en los convenios internacionales suscritos por la institución apoyar las gestiones administrativas de carácter general colaborar en la preparación de informes y reportes especializados de análisis económico sectorial y estadístico así como documentos de trabajo de la oee editar los documentos que elabore la oee para su publicación y difusión apoyar en la gestión de la participación del osinergmin en diferentes foros en el marco de los convenios internacionales firmados por la institución en coordinación con los demás funcionarios responsables en la institución apoyar en coordinación con los especialistas sectoriales de la oee en la elaboración de presentaciones y material complementario que la alta dirección requiera para participar en los foros internacionales o en otros eventos nacionales colaborar en la elaboración de informes técnicos que las demás áreas del osinergmin requieran a la oee apoyar la ejecución de los procesos administrativos de la oee apoyar en la elaboración y ejecución del plan operativo de la oee cumplir con las normas y procedimientos establecidos por el osinergmin realizar otras funciones que le encargue el gerente de estudios económicos de 3 a más años de experiencia laboral de los cuales 1 año a más de experiencia profesional dando apoyo en la elaboración de informes especializados y documentos de investigación especialización en economía de la regulación organización industrial o métodos cuantitativos deseable conocimientos en econometría y microeconomía",2014,7,"symplicity","Analista Económico Sectorial","Participar en la elaboración de informes especiales y presentaciones, así como en la edición de los documentos de trabajo de la OEE. 
Apoyar en la gestión y monitoreo de la participación del OSINERGMIN en los convenios internacionales suscritos por la Institución.
Apoyar las gestiones administrativas de carácter general.
Colaborar en la preparación de informes y reportes especializados de análisis económico sectorial y estadístico, así como documentos de trabajo de la OEE.
Editar los documentos que elabore la OEE para su publicación y difusión. 
Apoyar en la gestión de la participación del OSINERGMIN en diferentes foros en el marco de los convenios internacionales firmados por la Institución, en coordinación con los demás funcionarios responsables en la Institución.
Apoyar, en coordinación con los especialistas sectoriales de la OEE, en la elaboración de presentaciones y material complementario que la Alta Dirección requiera para participar en los foros internacionales o en otros eventos nacionales.
Colaborar en la elaboración de informes técnicos que las demás áreas del OSINERGMIN requieran a la OEE.
Apoyar la ejecución de los procesos administrativos de la OEE.
Apoyar en la elaboración y ejecución del Plan Operativo de la OEE.
Cumplir con las normas y procedimientos establecidos por el OSINERGMIN.
Realizar otras funciones que le encargue el Gerente de Estudios Económicos.","De 3 a más años de experiencia laboral de los cuales 1 año a más de experiencia profesional, dando apoyo en la elaboración de informes especializados y documentos de investigación.
Especialización en Economía de la regulación, organización industrial o métodos cuantitativos (deseable)
Conocimientos en Econometría y microeconomía.","Overall Strategy SAC - Consultora de Recursos Humanos (20503630827)",,,,"X",,,
"practicante de estudios económicos programas sociales proexpansión es una empresa cuya misión es promover iniciativas de mercado que generen prosperidad empresarial y bienestar ciudadano estamos buscando un practicante de estudios económicos para desempeñar las siguientes funciones participación en proyectos de evaluación de impacto de programas sociales participación en proyectos de diseño de reformas de políticas públicas procesamiento y análisis de bases de datos búsqueda y procesamiento de información asistencia en la elaboración de informes y presentaciones sólidos conocimientos de macroeconomía indispensable excel avanzado manejo de bases de datos y paquetes estadísticos spss stata avanzado otros experiencia y aptitud para proyectos de investigación facilidad para analizar datos buena redacción",2014,10,"symplicity","Practicante de Estudios Económicos - Programas Sociales","Proexpansión es una empresa cuya misión es promover iniciativas de mercado que generen prosperidad empresarial y bienestar ciudadano.  Estamos buscando un Practicante de Estudios Económicos para desempeñar las siguientes funciones:

+ Participación en proyectos de evaluación de impacto de programas sociales.
+ Participación en proyectos de diseño de reformas de políticas públicas.
+ Procesamiento y análisis de bases de datos.
+ Búsqueda y procesamiento de información.
+ Asistencia en la elaboración de informes y presentaciones.","+ Sólidos conocimientos de macroeconomía
+ Indispensable: Excel Avanzado, manejo de bases de datos y paquetes estadísticos (SPSS, Stata avanzado, otros)
+ Experiencia y aptitud para proyectos de investigación
+ Facilidad para analizar datos
+ Buena redacción","Proexpansión S.R.L. (20506659681)",,,,,,,
"practicante análisis económico de presuntas prácticas anticompetitivas barreras comerciales o medidas incompatibles con las reglas de libre comercio análisis económico de la evolución de industrias o empresas específicas análisis de impacto regulatorio de normas evaluación de políticas de competitividad evaluaciones económicas para investigaciones antidumping y antisubvenciones identificación de oportunidades de exportación y aprovechamiento de mercados procesamiento y elaboración de bases de datos estadísticas económicas buena formación en los siguientes temas organización industrial microeconomía economía internacional política comercial tratados comerciales teoría de la regulación dominio de métodos de cálculo manejo de base de datos y paquetes econométricos stata e views entre otros no es indispensable tener experiencia previa pero sí manifiesto interés de desarrollo profesional en los temas mencionados se requiere una persona con alto nivel de compromiso dedicación y proyección para realizar una carrera en este ámbito",2014,10,"symplicity","Practicante","•	Análisis económico de presuntas prácticas anticompetitivas, barreras comerciales o medidas incompatibles con las reglas de libre comercio.
•	Análisis económico de la evolución de industrias o empresas específicas.
•	Análisis de impacto regulatorio de normas.
•	Evaluación de políticas de competitividad.
•	Evaluaciones económicas para investigaciones antidumping y antisubvenciones. 
•	Identificación de oportunidades de exportación y aprovechamiento de mercados.
•	Procesamiento y elaboración de bases de datos estadísticas/económicas.","Buena formación en los siguientes temas:
•	Organización Industrial.
•	Microeconomía.
•	Economía Internacional, Política Comercial, tratados comerciales.
•	Teoría de la Regulación
•	Dominio de métodos de cálculo, manejo de base de datos y paquetes econométricos (Stata, E-views, entre otros).

No es indispensable tener experiencia previa, pero sí manifiesto interés de desarrollo profesional en los temas mencionados. Se requiere una persona con alto nivel de compromiso, dedicación y proyección para realizar una carrera en este ámbito.","Comercia Consulting S.A.C. (20492292754)","X",,,"X",,,
"analista senior de planeamiento apoyar en la implementación del modelo de excelencia apoyar en el monitoreo de los proyectos estratégicos de la compañía elaborar y monitorear los balanced scorecards experiencia mínima de 4 años en consultoras o empresas grandes de servicios experiencia laborando en áreas como planeamiento estratégico finanzas procesos o proyectos en 2 áreas como mínimo conocimiento a nivel avanzado de office conocimiento de visio y project",2013,6,"symplicity","Analista Senior de Planeamiento","- Apoyar en la implementación del modelo de Excelencia.
- Apoyar en el monitoreo de los proyectos estratégicos de la compañía.
- Elaborar y monitorear los Balanced Scorecards.","- Experiencia mínima de 4 años en consultoras o empresas grandes de servicios.
- Experiencia laborando en áreas como: Planeamiento Estratégico, Finanzas, Procesos o Proyectos (en 2 áreas como mínimo).
- Conocimiento a nivel Avanzado de Office.
- Conocimiento de Visio y Project.","Clinica Internacional SA (20100054184)",,,,,,"X",
"practicante de estadística apoyar en la elaboración de informes de servicios de información estadística del sistema bancario elaborar reportes consolidar información estadística apoyar en el desarrollo de proyectos de investigación del área apoyar en la atención de requerimientos y consultas sobre información financiera estadística del sector manejo de base de datos a nivel avanzado",2016,7,"symplicity","Practicante de Estadística","Apoyar en la elaboración de informes de Servicios de Información estadística del sistema bancario. (Elaborar reportes, consolidar información estadística).
Apoyar en el desarrollo de proyectos de investigación del área.
Apoyar en la atención de requerimientos y consultas sobre información financiera estadística del sector.","Manejo de base de datos a nivel Avanzado.","Asociación de Bancos del Perú-Asbanc (20139491077)",,"X",,,"X",,
"analista económico responsable de procesos de liquidación de tráfico de voz con otras empresas de telecomunicaciones elaboración y monitoreo de indicadores internos y externos referidos a tráfico ingresos y costos por interconexión analizar las medidas regulatorias de los organismos del estado evaluación de impacto elaborar informes técnico económicos que contribuyan a la correcta implementación de políticas de regulación en materia de telecomunicaciones análisis económicos en proyectos de telecomunicaciones en analisis de datos estadisticos y probabilísticos con grandes volúmenes de información proyecciones analisis económicos en materia de regulación",2014,2,"symplicity","Analista Económico","Responsable de procesos de liquidación de tráfico de voz con otras empresas de Telecomunicaciones.
Elaboración y monitoreo de indicadores internos y externos referidos a tráfico, ingresos y costos por Interconexión.
Analizar las medidas regulatorias de los organismos del Estado (Evaluación de impacto).
Elaborar informes técnico-económicos que contribuyan a la correcta implementación de políticas de regulación en materia de Telecomunicaciones.
Análisis económicos en proyectos de Telecomunicaciones.","En analisis de datos estadisticos y probabilísticos con grandes volúmenes de información/ proyecciones.
Analisis económicos en materia de regulación.","Gilat to Home Perú S.A (20423195119)",,,,"X",,,
"asistente de suscripción cálculo de cotizaciones de productos de vida aprobación de condiciones técnicas previas a la emisión de pólizas elaboración de indicadores redacción de las condiciones técnicas de las pólizas conocimiento dominio de excel a nivel avanzado manejo de base de datos experiencia mínimo 1 año de experiencia en áreas técnicas administrativas o de riesgos en el sistema financiero o de seguros",2016,1,"symplicity","Asistente de Suscripción","Cálculo de cotizaciones de productos de Vida.
Aprobación de condiciones técnicas previas a la emisión de pólizas.
Elaboración de indicadores.
Redacción de las condiciones técnicas de las pólizas.","Conocimiento:
Dominio de Excel a nivel avanzado. 
Manejo de base de datos.
Experiencia:
Mínimo 1 año de experiencia en áreas técnicas, administrativas o de riesgos, en el sistema financiero o de seguros.","La Positiva Vida Seguros y Reaseguros (20454073143)",,"X",,,,,
"reclutamiento practicante n 003 2015 dpto de investigación económica saee apoyo en preparación de bases de datos y estimación econométrica y estadística de indicadores relevantes revisión bibliográfica preparación de informes de coyuntura macroeconómica y sectorial preparación de presentaciones en coordinación con los funcionarios del dpto en particular sobre los avances en las labores encomendadas conocimiento de macroeconomía banca y econometría excel stata y econometric views eviews a nivel avanzado word power point y matlab a nivel intermedio dominio de herramientas estadísticas e informáticas que le permitan el manejo rápido de procesamiento de bases de datos de gran dimensión capacidad de análisis creatividad y criterio para el manejo de variables e indicadores económicos y financieros habilidad para el trabajo en equipo facilidad para la expresión oral y escrita",2015,1,"symplicity","Reclutamiento Practicante N° 003-2015 Dpto. de Investigación Económica - SAEE","Apoyo en: preparación de Bases de Datos y estimación econométrica y estadística de indicadores relevantes; revisión bibliográfica; preparación de informes de coyuntura macroeconómica y sectorial; preparación de presentaciones en coordinación con los funcionarios del Dpto., En particular sobre los avances en las labores encomendadas.","Conocimiento de macroeconomía, Banca y Econometría.
Excel, Stata y Econometric Views (Eviews) a nivel avanzado.
Word, Power Point y Matlab a nivel intermedio.
Dominio de herramientas estadísticas e informáticas que le permitan el manejo rápido de procesamiento de bases de datos de gran dimensión.
Capacidad de análisis, creatividad y criterio para el manejo de variables e indicadores económicos y financieros.
Habilidad para el trabajo en equipo.
Facilidad para la expresión oral y escrita.","Superintendencia de Banca, Seguros y AFP - SBS (20131370564)",,,"X",,"X",,
"economista senior área de estudios económicos elaboración de estudios de análisis de demanda elaboración de cronogramas de trabajo elaboración de diagramas de gantt análisis macroeconómico revisión de planes de negocio realizar términos de referencia validar información realizar informes coordinar con consultoras coordinar con instituciones extranjeras coordinar con jefes de proyectos disponibilidad para viajar experiencial laboral general mínima de 4 años con experiencia en elaboración de herramientas de gestión seguimiento y análisis de variables macroeconómicas y su proyección mediante la utilización de modelos econométricos indispensable conocimientos en excel nivel avanzado tablas dinámicas macros deseable el uso de programas eviews stata access",2016,2,"symplicity","Economista Senior (área de Estudios Económicos)","Elaboración de estudios de análisis de demanda.
Elaboración de cronogramas de trabajo.
Elaboración de diagramas de Gantt.
Análisis macroeconómico.
Revisión de planes de negocio.
Realizar términos de referencia.
Validar información.
Realizar informes.
Coordinar con consultoras.
Coordinar con instituciones extranjeras.
Coordinar con jefes de proyectos.
Disponibilidad para viajar.","Experiencial laboral general mínima de (4) años.
Con experiencia en elaboración de herramientas de gestión, seguimiento y análisis de variables macroeconómicas y su proyección mediante la utilización de modelos econométricos. 
Indispensable conocimientos en Excel (nivel avanzado), tablas dinámicas, macros.
Deseable el uso de programas Eviews, Stata  Access.","Ministerio de la Produccion (20504794637)",,,"X",,"X",,
"especialista en métodos cuantitativos y econometría participar en la elaboración de informes técnicos y reportes especiales así como en la elaboración de documentos de trabajo de la oee dar soporte en análisis que requieran el manejo de herramientas econométricas y matemáticas tales como proyecciones de variables económicas y problemas de optimización matemática y computacional colaborar en la preparación de reportes especializados de análisis económico sectorial y estadístico así como documentos de trabajo de la oee participar junto con los especialistas sectoriales de la oee en la elaboración de informes y documentos que implican realizar un análisis cuantitativo como proyecciones de demanda y de precios participar junto con los especialistas sectoriales de la oee en la elaboración de informes y documentos cuyo análisis requiera el uso de herramientas avanzadas de econometría de optimización matemática y métodos computacionales colaborar en la elaboración de informes técnicos que las demás áreas del osinergmin requieran a la oee apoyar la ejecución de los procesos administrativos de la oee apoyar en la elaboración y ejecución del plan operativo de la oee cumplir con las normas y procedimientos establecidos por el osinergmin realizar otras funciones que le encargue el gerente de estudios económicos estudios en ciencias económicas o ingeniería económica de 5 a más años de experiencia laboral de los cuales 2 años a más de experiencia profesional dando apoyo en la elaboración de informes especializados y documentos de investigación especialización en econometría y o métodos computacionales aplicados a la economía obligatorio maestría en economía o en matemáticas aplicadas a la economía deseable conocimiento econometría y microeconomía",2014,7,"symplicity","Especialista en Métodos Cuantitativos y Econometría","Participar en la elaboración de informes técnicos y reportes especiales, así como en la elaboración de documentos de trabajo de la OEE. Dar soporte en análisis que requieran el manejo de herramientas econométricas y matemáticas, tales como proyecciones de variables económicas y problemas de optimización matemática y computacional.
Colaborar en la preparación de reportes especializados de análisis económico sectorial y estadístico, así como documentos de trabajo de la OEE.
Participar, junto con los especialistas sectoriales de la OEE, en la elaboración de informes y documentos que implican realizar un análisis cuantitativo como proyecciones de demanda y de precios. 
Participar, junto con los especialistas sectoriales de la OEE, en la elaboración de informes y documentos cuyo análisis requiera el uso de herramientas avanzadas de econometría, de optimización matemática y métodos computacionales.
Colaborar en la elaboración de informes técnicos que las demás áreas del OSINERGMIN requieran a la OEE.
Apoyar la ejecución de los procesos administrativos de la OEE.
Apoyar en la elaboración y ejecución del Plan Operativo de la OEE.
Cumplir con las normas y procedimientos establecidos por el OSINERGMIN.
Realizar otras funciones que le encargue el Gerente de Estudios Económicos.","Estudios en Ciencias Económicas o Ingeniería Económica.
De 5 a más años de experiencia laboral,  de los cuales 2 años a más de experiencia profesional, dando apoyo en la elaboración de informes especializados y documentos de investigación.
Especialización en Econometría y/o Métodos Computacionales aplicados a la Economía (obligatorio). 
Maestría en Economía o en Matemáticas Aplicadas a la Economía (deseable).
Conocimiento Econometría y microeconomía.","Overall Strategy SAC - Consultora de Recursos Humanos (20503630827)",,,,,"X",,
"practicante estudios económicos elaboración de reportes de análisis económico actualización de bases de datos apoyo en tareas de consultoría económica inhouse",2014,12,"symplicity","Practicante Estudios Económicos","-Elaboración de reportes de análisis económico.
-Actualización de bases de datos.
-Apoyo en tareas de consultoría económica inhouse.",,"Telefónica del Perú SAA (20100017491)",,,,,"X",,
"practicante de estudios económicos temas inmobiliarios proexpansión es una empresa cuya misión es promover iniciativas de mercado que generen prosperidad empresarial y bienestar ciudadano estamos buscando un practicante de estudios económicos para desempeñar las siguientes funciones participación en proyectos sobre temas inmobiliarios procesamiento y análisis de bases de datos búsqueda y procesamiento de información asistencia en la elaboración de informes y presentaciones sólidos conocimientos de macroeconomía indispensable excel avanzado manejo de bases de datos y paquetes estadísticos spss stata avanzado otros experiencia y aptitud para proyectos de investigación facilidad para analizar datos buena redacción",2014,10,"symplicity","Practicante de Estudios Económicos - Temas Inmobiliarios","Proexpansión es una empresa cuya misión es promover iniciativas de mercado que generen prosperidad empresarial y bienestar ciudadano.  Estamos buscando un Practicante de Estudios Económicos para desempeñar las siguientes funciones:

+ Participación en proyectos sobre temas inmobiliarios.
+ Procesamiento y análisis de bases de datos.
+ Búsqueda y procesamiento de información.
+ Asistencia en la elaboración de informes y presentaciones.","+ Sólidos conocimientos de macroeconomía
+ Indispensable: Excel Avanzado, manejo de bases de datos y paquetes estadísticos (SPSS, Stata avanzado, otros)
+ Experiencia y aptitud para proyectos de investigación
+ Facilidad para analizar datos
+ Buena redacción","Proexpansión S.R.L. (20506659681)",,,,,"X",,
"practicante de economía actualización de bases de datos económicos respuesta o canalización de consultas económicas apoyo en la elaboración de reportes de análisis macroeconómicos apoyo en proyectos conocimiento de macroeconomía capacidad de comunicación y relaciones interpersonales indispensable buena redacción ortografía y capacidad de argumentación",2013,4,"symplicity","Practicante de Economía","-Actualización de bases de datos económicos.
-Respuesta o canalización de consultas económicas.
-Apoyo en la elaboración de reportes de análisis macroeconómicos. 
-Apoyo en proyectos.","-Conocimiento de Macroeconomía
-Capacidad de comunicación y relaciones interpersonales. 
-Indispensable: Buena redacción, ortografía y capacidad de argumentación.","Telefónica Gestión de Servicios Compartidos Perú SAC - T Gestiona (20501827623)",,,"X",,,"X",
"practicante de estudios económicos proexpansión es una empresa cuya misión es promover iniciativas de mercado que generen prosperidad empresarial y bienestar ciudadano estamos buscando un practicante de estudios económicos para desempeñar las siguientes funciones participación en proyectos de estudios económicos procesamiento y análisis de bases de datos búsqueda y procesamiento de información asistencia en la elaboración de informes y presentaciones sólidos conocimientos de macroeconomía indispensable excel avanzado manejo de bases de datos y paquetes estadísticos spss stata avanzado otros experiencia y aptitud para proyectos de investigación facilidad para analizar datos buena redacción",2014,12,"symplicity","Practicante de Estudios Económicos","Proexpansión es una empresa cuya misión es promover iniciativas de mercado que generen prosperidad empresarial y bienestar ciudadano.  Estamos buscando un Practicante de Estudios Económicos para desempeñar las siguientes funciones:

+ Participación en proyectos de estudios económicos.
+ Procesamiento y análisis de bases de datos.
+ Búsqueda y procesamiento de información.
+ Asistencia en la elaboración de informes y presentaciones.","+ Sólidos conocimientos de macroeconomía.
+ Indispensable: Excel Avanzado, manejo de bases de datos y paquetes estadísticos (SPSS, Stata avanzado, otros).
+ Experiencia y aptitud para proyectos de investigación.
+ Facilidad para analizar datos.
+ Buena redacción.","Proexpansión S.R.L. (20506659681)",,,,,"X",,
"analista de dirección de estudios a elaboración de modelos económicos financieros para evaluar proyectos de inversión b seguimiento continuo del mercado telecom tarifas normativa productos competencia c elaboración de reportes ad hoc requeridos por la dirección referentes al negocio mercado d apoyo a la gerencia regulatoria en la validación de los reportes mensuales y trimestrales enviados a osiptel",2016,4,"symplicity","Analista de Dirección de Estudios","A. Elaboración de modelos económicos financieros para evaluar proyectos de inversión.          
B. Seguimiento continuo del mercado Telecom (tarifas / normativa / productos  competencia.              
C. Elaboración de reportes Ad Hoc requeridos por la Dirección referentes al negocio /mercado.            
D. Apoyo a la Gerencia Regulatoria en la validación de los reportes (mensuales y trimestrales enviados a Osiptel).",,"Americatel Perú S.A. (20428698569)",,,,"X","X",,
"practicante analista junior macroeconómico procesamiento y análisis de bases de datos búsqueda y procesamiento de información asistencia en la elaboración de informes y presentaciones indispensable excel avanzado manejo de bases de datos y paquetes estadísticos spss stata avanzado otros aptitud para investigar facilidad para analizar datos buena redacción",2014,9,"symplicity","Practicante / Analista Junior Macroeconómico","Procesamiento y análisis de bases de datos. 
Búsqueda y procesamiento de información. 
Asistencia en la elaboración de informes y presentaciones.","- Indispensable: Excel Avanzado. 
- Manejo de bases de datos y paquetes estadísticos (SPSS, Stata avanzado, otros)
- Aptitud para investigar
- Facilidad para analizar datos
- Buena redacción","Proexpansión S.R.L. (20506659681)",,,,,"X",,
"asistente de investigación asistente de investigación de los proyectos de cer para asistir en investigaciones en economía verde entre sus funciones se encuentran elaboración validación búsqueda de bases de datos y análisis econométrico asimismo búsqueda de literatura especializada en temas relacionados experiencia con manejo de bases de datos y uso del programa stata avanzado",2014,5,"symplicity","Asistente de investigación","Asistente de investigación de los proyectos de CER para asistir en investigaciones en Economía Verde. Entre sus funciones se encuentran: elaboración, validación, búsqueda de bases de datos y análisis econométrico. Asimismo búsqueda de literatura especializada en temas relacionados.","Experiencia con manejo de bases de datos y uso del programa STATA avanzado.","Grupo Gea (20112927124)",,,,,"X",,
"analista de gestion de calidad responsable de la implementación de la norma iso 9001 para la certificación de la cia controlar y mejorar los procesos en las diferentes áreas de la empresa operaciones mantenimiento administración etc realizar la planeación del sgc elaboración de procedimientos y registros para la implementación del sistema de calidad participacion en certificacion iso auditor norma iso 9001 gestión de calidad y auditorias herramientas en modelamiento de procesos indicadores de control por proceso",2013,6,"symplicity","Analista de gestion de calidad","Responsable de la Implementación de la norma  ISO 9001 para la certificación de la cia, controlar y mejorar los procesos en las diferentes áreas de la empresa (operaciones, mantenimiento, administración etc.), realizar la planeación del SGC, elaboración de procedimientos  y registros para la implementación del sistema de calidad.","*Participacion en certificacion ISO.
*Auditor Norma ISO 9001.
*Gestión de calidad y auditorias.
*Herramientas en modelamiento de procesos. 
*Indicadores de control por proceso.","Perú Masivo S.A. (20492392031)",,,,,,,
"practicante económico financiero manejo de base de datos para el análisis económico y financiero asistencia en la elaboración de informes sectoriales de precios de transferencia valorizaciones y proyectos investigación en temas relativos al campo de trabajo",2016,4,"symplicity","Practicante  Económico-Financiero"," - Manejo de base de datos para el análisis económico y financiero.
- Asistencia en la elaboración de informes sectoriales, de precios de transferencia, valorizaciones y proyectos.
- Investigación en temas relativos al campo de trabajo.",,"Business Economics Consulting R&D S.A. (20521148706)",,"X",,,"X",,
"analista de inteligencia de clientes retail 1 coordinar con los retail del grupo falabella la implementación de campañas segmentadas 2 análisis síntesis y presentación de los resultados 3 elaboración de presentaciones de 1 a 2 años de experiencia en el área comercial o de marketing planificación comercial y afines experiencia en análisis de campañas y evaluación de resultados y crm office manejo de excel y powerpoint avanzado manejo de base de datos avanzado conocimiento del sistema business objects deseable",2015,10,"symplicity","Analista de Inteligencia de Clientes Retail","1. Coordinar con los Retail del Grupo Falabella la implementación de campañas segmentadas.
2. Análisis, síntesis y presentación de los resultados.
3. Elaboración de Presentaciones.","De 1 a 2 años de experiencia en el área comercial o de marketing, Planificación Comercial y afines.
Experiencia en análisis de campañas y evaluación de resultados y CRM.

Office – manejo de Excel y Powerpoint (Avanzado).
Manejo de Base de datos (Avanzado).
Conocimiento del sistema Business Objects (Deseable).","Banco Falabella Perú S.A.  (20330401991)",,,,,,,
"practicante de economía actualización de bases de datos económicos respuesta o canalización de consultas económicas apoyo en la elaboración de reportes de análisis macroeconómico apoyo en proyectos deseable experiencia en el area",2014,6,"symplicity","Practicante de Economía","- Actualización de bases de datos económicos.
- Respuesta o canalización de consultas económicas.
- Apoyo en la elaboración de reportes de análisis macroeconómico.
- Apoyo en proyectos.","Deseable experiencia en el area.","Telefónica del Perú SAA (20100017491)",,,,,,"X",
"practicante de estudios económicos procesamiento y análisis de bases de datos búsqueda y procesamiento de información asistencia en la elaboración de informes y presentaciones indispensable sólidos conocimientos de macroeconomía excel avanzado manejo de bases de datos y paquetes estadísticos spss stata avanzado otros experiencia y aptitud para proyectos de investigación facilidad para analizar datos buena redacción",2014,10,"symplicity","Practicante de Estudios Económicos","+ Procesamiento y análisis de bases de datos.
+ Búsqueda y Procesamiento de información.
+ Asistencia en la elaboración de informes y presentaciones.","+ Indispensable: sólidos conocimientos de macroeconomía, Excel Avanzado, manejo de bases de datos y paquetes estadísticos (SPSS, Stata avanzado, otros)
+ Experiencia y aptitud para proyectos de investigación
+ Facilidad para analizar datos
+ Buena redacción","Proexpansión S.R.L. (20506659681)",,,,,"X",,
"analista junior de dirección de estudios identificación y cuantificación de mercado potencial análisis y seguimiento de la oferta de la competencia evaluación de proyectos experiencia mínima de dos años en áreas de estudios económicos evaluación de proyectos desarrollo de negocios y finanzas conocimiento de análisis financiero de proyectos alta capacidad de análisis de investigación y análisis de información manejo de excel a nivel avanzado dominio del entorno de microsoft office",2014,7,"symplicity","Analista  Junior de Dirección de Estudios","Identificación y cuantificación de mercado potencial.
Análisis y seguimiento de la oferta de la competencia.
Evaluación de proyectos.","•	Experiencia mínima de dos años en áreas de estudios económicos, evaluación de proyectos, desarrollo de negocios y finanzas. 
•	Conocimiento de análisis financiero de proyectos.
•	Alta capacidad de análisis de investigación y análisis de información. 
•	Manejo de Excel a nivel Avanzado.
•	Dominio del Entorno de Microsoft Office.","Americatel Perú S.A. (20428698569)",,,,,,"X","X"
"analista de finanzas elaborar análisis de estados financieros de la empresa evaluación y elaboración del plan anual de la línea de negocio en coordinación directa con el gerente responsable evaluación de viabilidad económica financiera de proyectos recomendando ajustes mejoras sensibilidades elaboración de proyecciones financieras hacer seguimiento a la implementación de los requerimientos de los organismos reguladores afines identificar desviaciones presupuestales y apoyar al control financiero elaboración de reportes de gerencia experiencia de 2 a 3 años en finanzas experiencia elaborando estados financieros experiencia elaborando proyecciones financieras experiencia realizando reportes de gerencias",2014,1,"symplicity","Analista de Finanzas","•	Elaborar análisis de estados financieros de la empresa.
•	Evaluación y elaboración del plan anual de la línea de negocio, en coordinación directa con el Gerente Responsable.
•	Evaluación de viabilidad económica financiera de proyectos, recomendando ajustes, mejoras, sensibilidades.
•	Elaboración de proyecciones financieras.
•	Hacer seguimiento a la implementación de los requerimientos de los organismos reguladores afines.
•	Identificar desviaciones presupuestales y apoyar al control financiero.
•	Elaboración de reportes de gerencia.","Experiencia de 2 a 3 años en Finanzas.
Experiencia elaborando estados financieros.
Experiencia elaborando proyecciones financieras.
Experiencia realizando reportes de gerencias.","Cubas & Asociados S.A.C-Cornerstone Lima (20513799269)",,"X",,,,,
"practicante de economía elaboración de presentaciones manejo de base de datos revisión bibliográfica redacción de artículos apoyo en la elaboración de proyectos de investigación conocimiento de eviews y stata",2014,7,"symplicity","Practicante de Economía","- Elaboración de presentaciones.
- Manejo de base de datos.
- Revisión bibliográfica.
- Redacción de artículos.
- Apoyo en la elaboración de proyectos de investigación.","Conocimiento de EViews y STATA.","Instituto Peruano de Economía (20254929353)",,,,,"X",,
"analista monitoreo conocimiento de estadística y spss análisis y manejo de bases de datos monitoreo formulación y medición de indicadores para trabajo en sector público conocimiento de estadística y spss",2014,8,"symplicity","Analista Monitoreo","Conocimiento de estadística y SPSS.
Análisis y manejo de bases de datos.
Monitoreo, formulación y medición de indicadores.
Para trabajo en Sector Público.","Conocimiento de estadística y SPSS","GESTIODINAMICA E.I.R.L (20545092272)",,,,,"X","X",
"practicante de estudios económicos procesamiento y análisis de bases de datos búsqueda y procesamiento de información asistencia en la elaboración de informes y presentaciones manejo de bases de datos ms office avanzado importante experiencia en paquetes estadísticos spss stata avanzado otros aptitud para investigar facilidad para analizar datos buena redacción disponibilidad de 30 horas semanales",2014,6,"symplicity","Practicante de Estudios Económicos","Procesamiento y análisis de bases de datos. 
Búsqueda y procesamiento de información. 
Asistencia en la elaboración de informes y presentaciones.","- Manejo de bases de datos 
- MS Office avanzado.
- Importante: experiencia en paquetes estadísticos (SPSS, Stata avanzado, otros)
- Aptitud para investigar
- Facilidad para analizar datos
- Buena redacción
- Disponibilidad de 30 horas semanales","Proexpansión S.R.L. (20506659681)",,,,,"X",,
"consultor apoyo en la elaboración de estudios e informes técnicos de precios de transferencia elaboración de análisis económicos búsqueda en base de datos nacionales e internacionales",2013,1,"symplicity","Consultor","Apoyo en la elaboración de Estudios e Informes Técnicos de Precios de Transferencia.
Elaboración de análisis económicos.
Búsqueda en base de datos nacionales e internacionales.",,"BDO CONSULTORES TRIBUTARIOS Y LEGALES S.A. (20158279984)",,"X",,,,,
"analista económico análisis de las medidas regulatorias de los organismos del estado evaluación de impacto técnico económico elaborar informes técnico económicos que contribuyan a la correcta implementación de políticas de regulación en materia de telecomunicaciones responsable de procesos de liquidación de tráfico de voz con otras empresas de telecomunicaciones elaboración y monitoreo de indicadores internos y externos referidos a tráfico ingresos y costos por interconexión análisis económicos en proyectos de telecomunicaciones deseable regulación de las telecomunicaciones excel intermedio deseable avanzado microsoft office profesional intermedio excelente redacción deseable conocimiento de base de datos a nivel de consultas experiencia análisis de datos estadísticos y probabilísticos con grandes volúmenes de información cálculo de forecast budget análisis económico en materia de regulación manejo de excel a nivel intermedio",2014,2,"symplicity","Analista Económico","Análisis de las medidas regulatorias de los organismos del Estado (Evaluación de impacto técnico-económico).
Elaborar informes técnico-económicos que contribuyan a la correcta implementación de políticas de regulación en materia de Telecomunicaciones.
Responsable de procesos de liquidación de tráfico de voz con otras empresas de Telecomunicaciones.
Elaboración y monitoreo de indicadores internos y externos referidos a tráfico, ingresos y costos por Interconexión.
Análisis económicos en proyectos de Telecomunicaciones.","Deseable regulación de las telecomunicaciones.
Excel – Intermedio (Deseable Avanzado).
Microsoft Office profesional – Intermedio.
Excelente redacción.
Deseable conocimiento de base de datos a nivel de consultas.

Experiencia
Análisis de datos estadísticos y probabilísticos con grandes volúmenes de información. 
Cálculo de Forecast, Budget.
Análisis económico en materia de Regulación.
Manejo de Excel a nivel intermedio.","Gilat to Home Perú S.A (20423195119)",,,,"X",,,
"practicante de economia apoyo en el análisis del mercado mayorista asistir y apoyar en el análisis estadístico y la atención en el cumplimiento de diversos requerimientos realizados por osiptel mtc y el inei hacer seguimiento de las obligaciones regulatorias económicas de la empresa analizar y hacer informes sobre iniciativas regulatorias revisar diariamente las normas publicadas en el peruano y alertas sobre normas de interés en el sector telecomunicaciones deseable con conocimientos básicos sobre derecho administrativo derecho económico competencia regulación así como regulación económica y microeconomía",2013,10,"symplicity","Practicante de Economia","•Apoyo en el análisis del mercado mayorista.
•Asistir y apoyar en el análisis estadístico  y la atención en el cumplimiento de diversos requerimientos  realizados por Osiptel, MTC y el INEI.
•Hacer seguimiento de las obligaciones regulatorias - económicas de la Empresa.
•Analizar y hacer informes sobre iniciativas regulatorias. Revisar diariamente las normas publicadas en El Peruano y alertas sobre normas de interés en el sector telecomunicaciones","•Deseable con conocimientos básicos sobre Derecho Administrativo, Derecho Económico (competencia, regulación), así como regulación económica y microeconomía.","América Móvil Perú S.A.C. (20467534026)",,,,"X",,,
"practicante de precios de transferencias elaboración de estudios técnicos de precios de transferencias elaboración de estadísticas revisión de información financiera de nuestros clientes manejo de bases de datos elaboración de reportes y estadísticas",2014,9,"symplicity","Practicante de Precios de Transferencias","- Elaboración de estudios técnicos de precios de   transferencias.
- Elaboración de estadísticas.
- Revisión de información financiera de nuestros clientes. 
- Manejo de bases de datos. 
- Elaboración de reportes y estadísticas.",,"Benites, Forno & Ugaz Abogados S.Civil.R.L (20124163693)",,"X",,,,,
"practicante de proyectos comercial interacción y coordinaciones externas e internas elaboración y seguimiento de informes del área preparación de presentaciones del área brindar apoyo en otras funciones del área excel nivel avanzado inglés nivel intermedio experiencia deseable en el area comercial",2015,6,"symplicity","Practicante de Proyectos-Comercial","-Interacción y coordinaciones externas e internas.
-Elaboración y seguimiento de informes del área
-Preparación de presentaciones del área.
-Brindar apoyo en otras funciones del área.","-Excel: Nivel Avanzado.
-Inglés: Nivel Intermedio.
-Experiencia: deseable en el area comercial.","Alicorp SAA (20100055237)",,,,,,"X",
"asistente de planificación financiera análisis financiero formulación de presupuestos contabilidad evaluación de proyectos de inversión otras funciones asignadas por el jefe inmediato 1 año de experiencia previa muy buen manejo de paquetes informáticos microsoft office y manejo de base de datos para la formulación de reportes deseable conocimiento de sap u erp",2015,4,"symplicity","Asistente de Planificación Financiera","Análisis financiero.
Formulación de presupuestos.
Contabilidad .
Evaluación de proyectos de inversión.
Otras funciones asignadas por el jefe inmediato.","1 año de experiencia previa.
Muy buen manejo de paquetes informáticos (Microsoft Office), y manejo de base de datos para la formulación de reportes. 
Deseable conocimiento de SAP u ERP","Fábrica Nacional de Acumuladores Etna S.A. (20100165687)",,"X",,,,,
"r p n 003 2013 practicante en el dpto investigación económica saee apoyo en la preparación de bases de datos y estimación econométrica y estadística de indicadores relevantes la revisión bibliográfica en apoyo a las labores cotidianas preparación de informes en particular de coyuntura macroeconómica y sectorial preparación de presentaciones sobre los avances en las labores encomendadas otros encargos que le sean asignados pertenecer al tercio superior como mínimo conocimientos de macroeconomía banca y econometría manejo de excel stata y econometric views a nivel avanzado word y power point a nivel intermedio spss a nivel básico dominio de herramientas estadísticas e informáticas que le permitan el manejo rápido de procesamiento de bases de datos de gran dimensión capacidad de análisis creatividad y criterio para el manejo de variables e indicadores económicos y financieros habilidad para el trabajo en equipo facilidad para la expresión oral y escrita podrán postular alumnos egresados no titulados",2013,1,"symplicity","R-P N° 003-2013 - PRACTICANTE EN EL DPTO. INVESTIGACIÓN ECONÓMICA /SAEE","Apoyo en: la preparación de Bases de Datos y estimación econométrica y estadística de indicadores relevantes; la revisión bibliográfica en apoyo a las labores cotidianas; preparación de informes, en particular de coyuntura macroeconómica y sectorial; preparación de presentaciones sobre los avances en las labores encomendadas, otros encargos que le sean asignados.","Pertenecer al Tercio Superior como mínimo.
Conocimientos de Macroeconomía, Banca y Econometría.
Manejo de excel, Stata  y Econometric Views a nivel avanzado.
Word y Power Point a nivel intermedio.
SPSS a nivel básico.
Dominio de herramientas estadísticas e informáticas que le permitan el manejo rápido de procesamiento de bases de datos de gran dimensión.
Capacidad de análisis, creatividad y criterio para el manejo de variables e indicadores económicos y financieros.
Habilidad para el trabajo en equipo.

Facilidad para la expresión oral y escrita.
Podrán postular alumnos egresados NO titulados.","Superintendencia de Banca, Seguros y AFP - SBS (20131370564)",,,,,"X",,
"analista de estudios económicos proexpansión es una empresa cuya misión es promover iniciativas de mercado que generen prosperidad empresarial y bienestar ciudadano estamos buscando un analista de estudios económicos para desempeñar las siguientes funciones proyectos de evaluación de impacto de programas sociales proyectos de diseño de reformas de políticas públicas procesamiento y análisis de bases de datos búsqueda y procesamiento de información elaboración de informes y presentaciones sólidos conocimientos de macroeconomía indispensable excel avanzado manejo de bases de datos y paquetes estadísticos spss stata avanzado otros experiencia y aptitud para proyectos de investigación facilidad para analizar datos buena redacción",2014,10,"symplicity","Analista de Estudios Económicos","Proexpansión es una empresa cuya misión es promover iniciativas de mercado que generen prosperidad empresarial y bienestar ciudadano.  Estamos buscando un Analista de Estudios Económicos para desempeñar las siguientes funciones:

+ Proyectos de evaluación de impacto de programas sociales.
+ Proyectos de diseño de reformas de políticas públicas.
+ Procesamiento y análisis de bases de datos.
+ Búsqueda y procesamiento de información.
+ Elaboración de informes y presentaciones.","+ Sólidos conocimientos de macroeconomía
+ Indispensable: Excel Avanzado, manejo de bases de datos y paquetes estadísticos (SPSS, Stata avanzado, otros)
+ Experiencia y aptitud para proyectos de investigación
+ Facilidad para analizar datos
+ Buena redacción","Proexpansión S.R.L. (20506659681)",,,,,,,
"practicante establecimiento de líneas de base monitoreo y evaluación de proyectos análisis económico para proyectos de infraestructura desarrollo regional cadenas productivas aglomeraciones clusters análisis de políticas de competitividad optimización de procesos y mejora de gestión en entidades de apoyo al comercio gobiernos regionales etc análisis de impacto regulatorio en proyectos y iniciativas normativas procesamiento y elaboración de bases de datos estadísticas económicas experiencia requerida mínimo 2 años buena formación en los siguientes temas microeconomía evaluación de proyectos establecimiento de líneas de base monitoreo y evaluación análisis financiero teoría de regulación dominio de métodos de cálculo manejo de base de datos y paquetes econométricos stata e views entre otros en la evaluación no se requerirá experiencia o formación especializada en todas las áreas indicadas anteriormente y se ponderará positivamente en la entrevista las cualidades del candidato estudios de especialización y o maestría en temas afines será un plus",2014,11,"symplicity","Practicante","•	Establecimiento de líneas de base, monitoreo y evaluación de proyectos.
•	Análisis económico para proyectos de infraestructura, desarrollo regional, cadenas productivas, aglomeraciones (clusters).
•	Análisis de políticas de competitividad.
•	Optimización de procesos y mejora de gestión en entidades de apoyo al comercio, gobiernos regionales, etc.
•	Análisis de impacto regulatorio en proyectos y iniciativas normativas.
•	Procesamiento y elaboración de bases de datos estadísticas/económicas.","Experiencia Requerida:
Mínimo 2 años.

Buena formación en los siguientes temas:
•	Microeconomía
•	Evaluación de Proyectos; 
•	Establecimiento de líneas de base, monitoreo y evaluación; 
•	Análisis financiero; 
•	Teoría de regulación; 
•	Dominio de métodos de cálculo, manejo de base de datos y paquetes econométricos (Stata, E-views, entre otros).


En la evaluación no se requerirá experiencia o formación especializada en todas las áreas indicadas anteriormente y se ponderará positivamente en la entrevista las cualidades del candidato. 

Estudios de especialización y/o maestría en temas afines será un plus.","Comercia Consulting S.A.C. (20492292754)",,,,,,,
"analista de costos revisión de los ingresos gastos y costos planificar el direccionamiento de los centros de costos elaboración de análisis económicos financieros de rentabilidad costeo y presupuestos por unidad de negocios responsable de acopiar y procesar información para la elaboración del presupuesto de la organización prestar apoyo en el control de la ejecución presupuestaria llevando registros analizando información responsable de la elaboración de indicadores de gestión apoyo en la elaboración del proyecto del tarifario empresarial experiencia mínima de 2 años manejando presupuestos por centros de negocio y costo experiencia en empresas con grandes volúmenes de productos office nivel avanzado e inglés a nivel intermedio",2014,1,"symplicity","Analista de Costos","-	Revisión de los ingresos, gastos y costos.
-	Planificar el direccionamiento de los centros de costos.
-	Elaboración de análisis económicos financieros de rentabilidad, costeo y presupuestos por unidad de negocios.
-	Responsable de acopiar y procesar información para la elaboración del presupuesto de la organización.
-	Prestar apoyo en el control de la ejecución presupuestaria, llevando registros, analizando información.
-	Responsable de la elaboración de indicadores de gestión.
-	Apoyo en la elaboración del proyecto del tarifario empresarial.","-	Experiencia mínima de 2  años manejando presupuestos por centros de negocio y costo.
-	Experiencia en empresas con grandes volúmenes de productos.
-	Office nivel avanzado e inglés a nivel intermedio.","JML Consultores Gerenciales - Consultora de Recursos Humanos(20508090561)",,"X",,,,,
"practicante de control de gestión apoyar en el análisis financiero y de gestión apoyar en el manejo de indicadores del área otras tareas encomendadas por la jefatura del área conocimiento de ms office a nivel intermedio conocimiento en análisis de información conocimiento del idioma inglés a nivel básico deseable de preferencia experiencia mínima de 03 meses en el área de finanzas",2015,7,"symplicity","Practicante de Control de Gestión","- Apoyar en el análisis financiero y de gestión.
- Apoyar en el manejo de indicadores del área.
- Otras tareas encomendadas por la Jefatura del área
- Conocimiento de MS Office a nivel intermedio.
- Conocimiento en análisis de información.
- Conocimiento del idioma inglés a nivel básico (deseable).
- De preferencia, experiencia mínima de 03 meses en el área de Finanzas.",,"Devanlay Perú SAC (20501977439)",,"X",,,,,
"analista financiero control de gastos liderar la implementación de modelos de planeamiento financiero coordinar elaborar modificación de presupuesto y presentación a las gerencias elaboración de reportes de control de gastos y proyectos estratégicos administración del control y distribución de gastos seguimiento de indicadores clave de la compañía y empresas afiliadas seguimiento de indicadores del mercado de seguros y variables económicas conocimiento en control de gastos conocimiento de indicadores de gestión conocimiento en planeamiento financiero dominio avanzado del excel deseable manejo del sap experiencia mínimo de 2 años de experiencia como analista en control de gestión planeamiento financiero control de gastos",2015,3,"symplicity","Analista Financiero (Control de Gastos)","Liderar la implementación de modelos de planeamiento financiero.
Coordinar, elaborar, modificación de presupuesto y presentación a las Gerencias.
Elaboración de reportes de control de gastos y proyectos estratégicos.
Administración del control y distribución de gastos.
Seguimiento de indicadores clave de la compañía y empresas afiliadas.
Seguimiento de indicadores del mercado de seguros y variables económicas.","Conocimiento en Control de Gastos.
Conocimiento de Indicadores de Gestión.
Conocimiento en Planeamiento Financiero.
Dominio avanzado del Excel.
Deseable manejo del SAP.
Experiencia:
Mínimo de 2 años de experiencia como analista en control de gestión, planeamiento financiero, control de gastos.","La Positiva Vida Seguros y Reaseguros (20454073143)",,"X",,,,,
"analista de dirección de estudios identificación y cuantificación de mercado potencial análisis y seguimiento de la oferta de la competencia evaluación de proyectos experiencia mínima de dos años en áreas de estudios económicos evaluación de proyectos desarrollo de negocios y finanzas conocimiento de análisis financiero de proyectos alta capacidad de análisis de investigación y análisis de información manejo de excel a nivel avanzado dominio del entorno de microsoft office",2014,6,"symplicity","Analista de Dirección de Estudios","Identificación y cuantificación de mercado potencial.
Análisis y seguimiento de la oferta de la competencia.
Evaluación de proyectos.","•	Experiencia mínima de dos años en áreas de estudios económicos, evaluación de proyectos, desarrollo de negocios y finanzas. 
•	Conocimiento de análisis financiero de proyectos.
•	Alta capacidad de análisis de investigación y análisis de información. 
•	Manejo de Excel a nivel Avanzado.
•	Dominio del Entorno de Microsoft Office.","Americatel Perú S.A. (20428698569)",,,,,"X","X",
"analista económico en investigación del cambio climático realizar coordinaciones con instituciones de prestigio cooperantes internacionales gobierno stakeholders y representantes de la sociedad civil búsqueda e investigación bibliográfica sobre economía del cambio climático análisis de los avances y de los entregables de los equipos de investigación a su cargo coordinación con los encargados de los estudios de co beneficios externalidades y condiciones habilitantes con base en política económica atender las consultas y presentar informes a la cooperación internacional como al gobierno que son parte de los proyectos a su cargo análisis de la información macroeconómica y estadística revisión de la información datos avances y resultados proporcionado por los equipos sectoriales preparación de documentos y presentaciones participar y hacer reportes de reuniones multisectoriales realizar tareas técnicas específicas en apoyo a la coordinación del componente de investigación apoyo en el seguimiento y evaluación del componente de investigación con el uso de instrumentos de planificación y monitoreo facilitar las actividades operativas de los equipos sectoriales experiencia en eviews gams etc",2015,2,"symplicity","Analista económico en investigación del cambio climático"," Realizar coordinaciones con instituciones de prestigio, cooperantes internacionales, gobierno,stakeholders y representantes de la sociedad civil.
 Búsqueda e investigación bibliográfica sobre economía del cambio climático.
 Análisis de los avances y de los entregables de los equipos de investigación a su cargo.
 Coordinación con los encargados de los estudios de co-beneficios (externalidades) y condiciones habilitantes con base en política económica. Atender las consultas y presentar informes a la
cooperación internacional como al Gobierno que son parte de los proyectos a su cargo.
 Análisis de la información macroeconómica y estadística.
 Revisión de la información, datos, avances y resultados proporcionado por los equipos sectoriales.
 Preparación de documentos y presentaciones, participar y hacer reportes de reuniones multisectoriales.
 Realizar tareas técnicas específicas en apoyo a la coordinación del componente de Investigación.
 Apoyo en el seguimiento y evaluación del componente de Investigación, con el uso de instrumentos de planificación y monitoreo.
 Facilitar las actividades operativas de los equipos sectoriales.","Experiencia en  EViews, GAMS, etc","Libélula Comunciación, Ambiente y Desarrollo (20516020211)",,,,,"X",,
"practicante apoyar en las investigaciones preliminares y los procedimientos administrativos sancionadores tramitados ante la secretaría técnica apoyar en el procesamiento de base de datos apoyar en la elaboración de ayudas memoria con conocimientos en micro economía estadísticas organización industrial y teoría de la regulación",2017,3,"symplicity","Practicante","Apoyar en las investigaciones preliminares y los procedimientos administrativos sancionadores tramitados ante la Secretaría Técnica.
Apoyar en el procesamiento de base de datos.
Apoyar en la elaboración de ayudas memoria.","Con conocimientos en micro economía, estadísticas, organización industrial y teoría de la Regulación.","Indecopi (20133840533)",,,,"X","X",,
"asistente del área económica análisis económico de presuntas prácticas anticompetitivas barreras comerciales o medidas incompatibles con las reglas de libre comercio análisis económico de la evolución de industrias o empresas específicas análisis de impacto regulatorio de normas evaluación de políticas de competitividad evaluaciones económicas para investigaciones antidumping y antisubvenciones identificación de oportunidades de exportación y aprovechamiento de mercados procesamiento y elaboración de bases de datos estadísticas económicas buena formación en los siguientes temas organización industrial microeconomía economía internacional política comercial tratados comerciales teoría de la regulación dominio de métodos de cálculo manejo de base de datos y paquetes econométricos stata e views entre otros en la evaluación no se requerirá formación especializada en todas las áreas indicadas anteriormente y se ponderará positivamente en la entrevista las cualidades del candidato experiencia 2 años",2014,12,"symplicity","Asistente del área económica","•	Análisis económico de presuntas prácticas anticompetitivas, barreras comerciales o medidas incompatibles con las reglas de libre comercio.
•	Análisis económico de la evolución de industrias o empresas específicas.
•	Análisis de impacto regulatorio de normas.
•	Evaluación de políticas de competitividad.
•	Evaluaciones económicas para investigaciones antidumping y antisubvenciones. 
•	Identificación de oportunidades de exportación y aprovechamiento de mercados.
•	Procesamiento y elaboración de bases de datos estadísticas/económicas.","Buena formación en los siguientes temas:
•	Organización Industrial.
•	Microeconomía.
•	Economía Internacional, Política Comercial, tratados comerciales.
•	Teoría de la Regulación.
•	Dominio de métodos de cálculo, manejo de base de datos y paquetes econométricos (Stata, E-views, entre otros).

En la evaluación no se requerirá formación especializada en todas las áreas indicadas anteriormente y se ponderará positivamente en la entrevista las cualidades del candidato. 
Experiencia 2 años.","Comercia Consulting S.A.C. (20492292754)",,,,"X",,,
"asistente de planeamiento financiero análisis financiero formulación de presupuestos contabilidad evaluación de proyectos de inversión otras funciones asignadas por el jefe inmediato 1 año de experiencia previa muy buen manejo de paquetes informáticos microsoft office y manejo de base de datos para la formulación de reportes deseable conocimiento de sap u erp",2015,3,"symplicity","Asistente de Planeamiento Financiero","Análisis financiero.
Formulación de presupuestos.
Contabilidad .
Evaluación de proyectos de inversión.
Otras funciones asignadas por el jefe inmediato.","1 año de experiencia previa.
Muy buen manejo de paquetes informáticos (Microsoft Office), y manejo de base de datos para la formulación de reportes. 
Deseable conocimiento de SAP u ERP","Fábrica Nacional de Acumuladores Etna S.A. (20100165687)",,"X",,,,,
"practicante de estudios económicos y proyectos especiales actualización de bases de datos económicos elaboración de reportes de análisis económico participación en proyectos de análisis financiero capacidad de análisis capacidad de redacción",2015,8,"symplicity","Practicante de Estudios Económicos y Proyectos Especiales","Actualización de Bases de datos económicos.					
Elaboración de reportes de análisis económico.
Participación en proyectos de análisis financiero.","Capacidad de Análisis.
Capacidad de Redacción.","Telefónica del Perú SAA (20100017491)",,"X",,,,,
"practicante de economía apoyo en los procesos de los proyectos de la dirección general apoyo en la revisión de los proyectos y de los términos de referencia de inversión pública apoyo en el seguimiento de los procesos de adquisición apoyo en otras actividades de la coordinación general sin experiencia",2015,11,"symplicity","Practicante de Economía",". Apoyo en los procesos de los proyectos de la Dirección General.
. Apoyo en la revisión de los proyectos y de los términos de referencia de inversión pública.
. Apoyo en el seguimiento de los procesos de adquisición.
. Apoyo en otras actividades de la Coordinación General.","sin experiencia.","MINISTERIO DE TRANSPORTES Y COMUNICACIONES - MTC (20131379944)",,,,,,"X",
"practicante de estudios económicos procesamiento y análisis de bases de datos búsqueda y procesamiento de información asistencia en la elaboración de informes y presentaciones manejo de bases de datos ms office avanzado experiencia en paquetes estadísticos spss stata avanzado otros aptitud para investigar facilidad para analizar datos buena redacción disponibilidad de 30 horas semanales",2014,3,"symplicity","Practicante de Estudios Económicos","Procesamiento y análisis de bases de datos. 
Búsqueda y procesamiento de información. 
Asistencia en la elaboración de informes y presentaciones.","- Manejo de bases de datos 
- MS Office avanzado.
- Experiencia en paquetes estadísticos (SPSS, Stata avanzado, otros)
- Aptitud para investigar
- Facilidad para analizar datos
- Buena redacción
- Disponibilidad de 30 horas semanales","Proexpansión S.R.L. (20506659681)",,,,,"X",,
"asistente de planeamiento análisis de información financiera análisis de márgenes por producto elaboración del presupuesto anual elaboración y análisis de indicadores de gestión disponibilidad inmediata para trabajar manejo de excell a nivel avanzado manejo de sap a nivel básico intermedio conocimiento de costos de producción",2014,5,"symplicity","Asistente de Planeamiento","-  Análisis de Información Financiera.
-  Análisis de Márgenes por producto.
-  Elaboración del presupuesto anual.
-  Elaboración y análisis de indicadores de gestión.","- Disponibilidad inmediata para trabajar.
- Manejo de Excell a nivel Avanzado.
- Manejo de SAP a nivel básico - intermedio.
- Conocimiento de costos de producción.","PRENSMART S.A.C.. (20100087945)",,,,,,"X",
"practicante de estudios de mercado participación en proyectos de investigación de mercado y estudios económicos procesamiento y análisis de bases de datos búsqueda y procesamiento de información asistencia en la elaboración de informes y presentaciones indispensable excel avanzado spss avanzado stata avanzado otros paquetes estadísticos experiencia y aptitud para proyectos de investigación facilidad para analizar datos buena redacción",2015,7,"symplicity","Practicante de Estudios de Mercado","Participación en proyectos de investigación de mercado y estudios económicos.
Procesamiento y análisis de bases de datos.
Búsqueda y procesamiento de información.
Asistencia en la elaboración de informes y presentaciones.","+ Indispensable: Excel avanzado, SPSS avanzado, Stata avanzado, otros paquetes estadísticos.
+ Experiencia y aptitud para proyectos de investigación.
+ Facilidad para analizar datos.
+ Buena redacción.","Proexpansión S.R.L. (20506659681)",,,,,"X",,"X"
"practicante de sostenibilidad edegel apoyo en la planificación y ejecución del área administrativa del área de sostenibilidad perú apoyo en la elaboración de informes de gestión apoyo en procesos de gestión logística apoyo en el análisis de la materialidad de los grupos de interés apoyo en el análisis de los kpis por cada proyecto apoyo en la evaluación trimestral del status de los proyectos conocimiento microsoft office nivel avanzado e inglés avanzado experiencia deseable en procesos administrativos presupuesto e informes de gestión que sea comunicativo y dinámico",2016,8,"symplicity","Practicante de Sostenibilidad - EDEGEL","Apoyo en la planificación y ejecución del área administrativa del área de Sostenibilidad Perú.
Apoyo en la elaboración de informes de gestión.
Apoyo en procesos de gestión logística.
Apoyo en el análisis de la materialidad de los grupos de interés.
Apoyo en el análisis de los KPIs por cada proyecto.
Apoyo en la evaluación trimestral del status de los proyectos.","Conocimiento: Microsoft Office (Nivel avanzado) e Inglés avanzado.
Experiencia deseable en procesos administrativos, presupuesto e informes de gestión.
Que sea comunicativo y dinámico.","Edelnor S.A.A. (20269985900)",,,,,,"X",
"analista de planeamiento y desarrollo comercial inteligencia comercial mercado automotriz análisis de rentabilidad de nuevos puntos de atención implementacion de proyectos corporativos evaluación de nuevas marcas al grupo elaboración de plan estrategico elaboración de indicadores de seguimiento comercial experiencia de 1 año en puestos de planeamiento marketing comercial finanzas inteligencia comercial conocimientos office a nivel intermedio conocimiento de inglés a nivel avanzado conocimientos de finanzas y evaluación de proyectos deseable conocimiento de excel avanzado manejo de base de datos tablas dinamicas no es necesario macros",2016,12,"symplicity","Analista de Planeamiento y Desarrollo Comercial","•	Inteligencia Comercial Mercado Automotriz.
•	Análisis de rentabilidad de nuevos puntos de atención.
•	Implementacion de proyectos corporativos.
•	Evaluación de nuevas marcas al grupo.
•	Elaboración de Plan Estrategico.
•	Elaboración de indicadores de seguimiento comercial.","Experiencia de 1 año en puestos de Planeamiento, Marketing, Comercial, Finanzas, Inteligencia Comercial.
Conocimientos Office a nivel intermedio.
Conocimiento de inglés a nivel avanzado.
Conocimientos de Finanzas y Evaluación de proyectos deseable.
Conocimiento de Excel avanzado. Manejo de Base de Datos, Tablas Dinamicas. (no es necesario macros).","SKBERGE PERU S.A.C. (20478729791)",,,,,,"X",
"practicante para el programa internacional de erradicación del trabajo infantil de la oit apoyo en elaboración de reportes de investigación sobre trabajo infantil en américa latina asistencia en análisis y procesamiento de información estadística manejo de bases de datos de encuestas de hogares deseable experiencia en manejo de bases de datos",2014,4,"symplicity","Practicante para el Programa Internacional de Erradicación del Trabajo Infantil de la OIT.","Apoyo en elaboración de reportes de investigación sobre trabajo infantil en América Latina.
Asistencia en análisis y procesamiento de información estadística.
Manejo de bases de datos de encuestas de hogares.","Deseable experiencia en manejo de bases de datos.","Organización Internacional del Trabajo (20507781692)",,,,,"X",,
"practicante pre profesional de planeamiento soporte en análisis de mercado investigación de mercado correlación de las unidades de negocio con variables macro económicas apoyo en las funciones del área conocimientos de análisis de estados financieros elaboración de modelos económicos sistema stata deseable",2016,1,"symplicity","Practicante Pre Profesional de Planeamiento","Soporte en análisis de mercado
Investigación de mercado
Correlación de las unidades de negocio con variables macro económicas
Apoyo en las funciones del área","Conocimientos de:
Análisis de Estados Financieros
Elaboración de Modelos Económicos
Sistema STATA (deseable)","Trabajos Maritimos S.A. -  Tramarsa (20101395031)",,,"X",,,,"X"
"analista de control de gestión elaboración de reportes para gerencia e informes gastos por área cumplimiento de ventas y entregas control de proyectos estado de resultados e indicadores de gestión apoyar en la elaboración análisis y seguimiento del presupuesto anual de la empresa envío de información comercial y financiera así como estado de proyectos atención a requerimientos de información interacción con todas las áreas y acopio de información mayor a 3 años en áreas de control de gestión o finanzas en general",2013,6,"symplicity","Analista de Control de Gestión","- Elaboración de reportes para gerencia e informes: gastos por área, cumplimiento de ventas y entregas, control de proyectos, estado de resultados e indicadores de gestión.
- Apoyar en la elaboración, análisis y seguimiento del presupuesto anual de la empresa.
- Envío de información comercial y financiera así como estado de proyectos.
- Atención a requerimientos de información.
- Interacción con todas las áreas y acopio de información.","Mayor a 3 años en áreas de control de gestión o finanzas en general.","ACORN Headhunting & Development (20544030036)",,,,,,"X",
"practicante apoyo en la elaboración de estudios e informes técnicos de precios de transferencia elaboración de análisis económicos búsqueda en base de datos nacionales e internacionales",2013,1,"symplicity","Practicante","Apoyo en la elaboración de Estudios e Informes Técnicos de Precios de Transferencia.
Elaboración de análisis económicos.
Búsqueda en base de datos nacionales e internacionales.",,"BDO CONSULTORES TRIBUTARIOS Y LEGALES S.A. (20158279984)",,"X",,,,,
"practicante planeamiento procesos apoyo en desarrollo de análisis de base de datos en excel apoyo en desarrollo de análisis ecónomicos sectoriales apoyo en desarrollo presentaciones en power point deseable en procesos y o plneamiento",2014,7,"symplicity","Practicante Planeamiento/Procesos","Apoyo en desarrollo de análisis de base de datos, en excel.
Apoyo en desarrollo de análisis ecónomicos sectoriales.
Apoyo en desarrollo presentaciones en Power Point.","Deseable en procesos y/o plneamiento","Cusa SAC (20101077099)",,,,,,"X",
"analista de control de gestión elaboración de reportes para gerencia e informes gastos por área cumplimiento de ventas y entregas control de proyectos estado de resultados e indicadores de gestión apoyar en la elaboración análisis y seguimiento del presupuesto anual de la empresa envío de información comercial y financiera así como estado de proyectos atención a requerimientos de información interacción con todas las áreas y acopio de información igual o mayor a 3 años en áreas de control de gestión o finanzas en general excel avanzado",2014,4,"symplicity","Analista de Control de Gestión","- Elaboración de reportes para gerencia e informes: gastos por área, cumplimiento de ventas y entregas, control de proyectos, estado de resultados e indicadores de gestión.
- Apoyar en la elaboración, análisis y seguimiento del presupuesto anual de la empresa.
- Envío de información comercial y financiera así como estado de proyectos.
- Atención a requerimientos de información.
- Interacción con todas las áreas y acopio de información.","Igual o mayor a 3 años en áreas de control de gestión o finanzas en general.
Excel avanzado.","ACORN Headhunting & Development (20544030036)",,,,,,"X",
"economista senior área de estudios económicos elaboración de estudios de análisis de demanda elaboración de cronogramas de trabajo elaboración de diagramas de gantt análisis macroeconómico revisión de planes de negocio realizar términos de referencia validar información realizar informes coordinar con consultoras coordinar con instituciones extranjeras coordinar con jefes de proyectos disponibilidad para viajar experiencia laboral general mínima de 4 años con experiencia en elaboración de herramientas de gestión seguimiento y análisis de variables macroeconómicas y su proyección mediante la utilización de modelos econométricos deseable el uso de programas eviews stata y access capacidad de trabajo en equipo capacidad para coordinar a todo nivel",2016,3,"symplicity","Economista Senior (área de Estudios Económicos)","Elaboración de estudios de análisis de demanda.
Elaboración de cronogramas de trabajo.
Elaboración de diagramas de Gantt.
Análisis macroeconómico.
Revisión de planes de negocio.
Realizar términos de referencia.
Validar información.
Realizar informes.
Coordinar con consultoras.
Coordinar con instituciones extranjeras.
Coordinar con jefes de proyectos.
Disponibilidad para viajar.","Experiencia laboral general mínima de (4) años.
Con experiencia en elaboración de herramientas de gestión, seguimiento y análisis de variables macroeconómicas y su proyección mediante la utilización de modelos econométricos.
Deseable el uso de programas Eviews, Stata y Access.
Capacidad de trabajo en equipo.
Capacidad para coordinar a todo nivel","Ministerio de la Produccion (20504794637)",,,,,,"X",
"practicante de control de gestión apoyo en el análisis financiero y de gestión apoyar en el manejo de indicadores del área otras tareas encomendadas por la jefatura del área",2016,5,"symplicity","Practicante de Control de Gestión","- Apoyo en el análisis financiero y de gestión.
- Apoyar en el manejo de indicadores del área.
- Otras tareas encomendadas por la Jefatura del área.",,"Devanlay Perú SAC (20501977439)",,"X",,,,"X",
"practicante de estudios económicos investigación sectorial microfinanzas retail mercados emergentes colaboración en la elaboración de informes dominio de stata aptitud para investigar facilidad en el manejo de datos buena redacción",2013,6,"symplicity","Practicante de Estudios Económicos","- Investigación sectorial: microfinanzas, retail, mercados emergentes.
- Colaboración en la elaboración de informes.","- Dominio de Stata
- Aptitud para investigar
- Facilidad en el manejo de datos
- Buena redacción","Proexpansión S.R.L. (20506659681)",,,,,"X",,
"practicante apoyo en la búsqueda de información estadística para la elaboración de estudios y documentos de trabajo manejo de bases de datos en excel y stata apoyo en la búsqueda de literatura económica relacionada con temas de competencia y protección al consumidor otras actividades requeridas por la gerencia deseable experiencia previa",2015,4,"symplicity","Practicante","Apoyo en la búsqueda de información estadística para la elaboración de estudios y documentos de trabajo.
Manejo de bases de datos en Excel y Stata.
Apoyo en la búsqueda de literatura económica relacionada con temas de  competencia y protección al consumidor.
Otras actividades requeridas por la Gerencia.","Deseable experiencia previa.","Indecopi (20133840533)",,,,"X","X",,
"practicante de precios de trransferencia recopilación de datos apoyo general al área de precios de transferencia apoyo en el proceso de muestras elaboración de informes deseable con conocimientos y o experiencia de precios de transferencia",2015,10,"symplicity","Practicante de precios de trransferencia","Recopilación de datos.
Apoyo general al área de precios de transferencia.
Apoyo en el proceso de muestras.
Elaboración de informes.","Deseable con conocimientos y/o experiencia de precios de transferencia.","Pricewaterhousecoopers S.Civil de R.L. (20101071562)",,"X",,,,,
"analista jr de estudios económicos evaluar proyectos de inversión de las diferentes unidades de negocio elaboración y seguimiento del presupuesto del área facturación de los ingresos percibidos análisis técnico y elaboración de informes sobre el mercado inmobiliario análisis de la competencia directa y del sector retail",2017,5,"symplicity","Analista Jr. de Estudios Económicos","Evaluar proyectos de inversión de las diferentes unidades de negocio.
Elaboración y seguimiento del presupuesto del área.
Facturación de los ingresos percibidos.
Análisis técnico y elaboración de informes sobre el mercado inmobiliario.
Análisis de la competencia directa y del sector retail.",,"CENCOSUD Perú S.A (20517905454)",,,,,"X","X",
"asistente económico financiero manejo de base de datos para el análisis económico y financiero asistencia en la elaboración de informes sectoriales de precios de tranferencia valorizaciones y proyectos investigación en temas relativos al campo de trabajo",2013,4,"symplicity","Asistente Económico-Financiero"," - Manejo de base de datos para el análisis económico y financiero
- Asistencia en la elaboración de informes sectoriales, de precios de tranferencia, valorizaciones y proyectos
- Investigación en temas relativos al campo de trabajo",,"Business Economics Consulting R&D S.A. (20521148706)",,"X",,,,,
"practicante de research búsqueda de información sectorial búsqueda de información sobre las principales empresas listadas en la bvl apoyo en la redacción y preparación de informes y presentaciones dirigidos tanto a clientes internos como externos de la sab apoyo en análisis financiero a las principales empresas de la bvl apoyo en valorización de empresas manejo de microsoft office excel word powerpoint a nivel avanzado dominio del idioma inglés a nivel avanzado",2015,6,"symplicity","PRACTICANTE DE RESEARCH","Búsqueda de información sectorial.

Búsqueda de información sobre las principales empresas listadas en la BVL.

Apoyo en la redacción y preparación de informes y presentaciones, dirigidos tanto a clientes internos como externos de la SAB.

Apoyo en análisis financiero a las principales empresas de la BVL.

Apoyo en valorización de empresas.","Manejo de Microsoft Office (Excel, Word, PowerPoint) a nivel avanzado.

Dominio del idioma inglés a nivel avanzado.","Scotiabank SAA (20100043140)",,,,,"X",,
"practicante económico financiero 1 manejo de base de datos para el análisis económico y financiero 2 asistencia en la elaboración de informes sectoriales de precios de transferencia valorizaciones y proyectos 3 investigación en temas relativos al campo de trabajo",2017,1,"symplicity","Practicante  Económico-Financiero","1. Manejo de base de datos para el análisis económico y financiero.
2. Asistencia en la elaboración de informes sectoriales, de precios de transferencia, valorizaciones y proyectos.
3. Investigación en temas relativos al campo de trabajo.",,"Business Economics Consulting R&D S.A. (20521148706)",,"X",,,,,
"reclutamiento practicante r p n 010 2016 dpto investigacion economica apoyo en preparación de bases de datos revisión bibliográfica en apoyo de las labores cotidianas apoyo en preparación de informes para los analistas del departamento en particular de conyuntura macroeconómica y sectorial preparación de presentaciones en coordinación con los analistas del departamento apoyar en las labores de revisión validación y análisis de extensas bases y en la elaboración de reportes periódicos alumno de economía a partir del 7mo ciclo conocimientos de excel a nivel avanzado word y power point a nivel intermedio conocimientos de stata y econometric views eviews a nivel avanzado dominio de herramientas estadísticas e informáticas que le permitan el manejo rápido de procesamiento de bases de datos de gran dimensión capacidad de análisis creatividad y criterio para el manejo de variables e indicadores económicos y financieros competencias capacidad para comunicarse efectivamente capacidad para aprender trabajo en equipo creatividad e innovación motivación por la calidad",2016,1,"symplicity","Reclutamiento Practicante R-P N° 010-2016 Dpto Investigacion Economica","Apoyo en preparación de Bases de Datos. 
Revisión bibliográfica en apoyo de las labores cotidianas. 
Apoyo en preparación de informes para los analistas del Departamento, en particular de conyuntura macroeconómica y sectorial. 
Preparación de presentaciones en coordinación con los analistas del Departamento. 
Apoyar en las labores de revisión, validación y análisis de extensas bases y en la elaboración de reportes periódicos.","Alumno de Economía a partir del 7mo ciclo, Conocimientos de Excel a nivel avanzado, Word y Power Point a nivel intermedio. Conocimientos de STATA  y Econometric Views (EViews) a nivel avanzado. Dominio de herramientas estadísticas e informáticas que le permitan el manejo rápido de procesamiento de bases de datos de gran dimensión. 
Capacidad de análisis, creatividad y criterio para el manejo de variables e indicadores económicos y financieros.
Competencias: Capacidad para comunicarse efectivamente. Capacidad para aprender. Trabajo en equipo. Creatividad e innovación. Motivación por la calidad.","Superintendencia de Banca, Seguros y AFP - SBS (20131370564)",,,"X",,"X",,
"analista de estudios económicos procesamiento y análisis de bases de datos búsqueda y procesamiento de información elaboración de informes y presentaciones indispensable sólidos conocimientos de macroeconomía excel avanzado manejo de bases de datos y paquetes estadísticos spss stata avanzado otros experiencia y aptitud para proyectos de investigación facilidad para analizar datos buena redacción",2014,10,"symplicity","Analista de Estudios Económicos","+ Procesamiento y análisis de bases de datos.
+ Búsqueda y procesamiento de información.
+ Elaboración de informes y presentaciones.","+ Indispensable: sólidos conocimientos de macroeconomía, Excel Avanzado, manejo de bases de datos y paquetes estadísticos (SPSS, Stata avanzado, otros)
+ Experiencia y aptitud para proyectos de investigación
+ Facilidad para analizar datos
+ Buena redacción","Proexpansión S.R.L. (20506659681)",,,,,"X",,
"analista de regulación económica y mayorista coordinar con diferentes áreas de la empresa sobre los requerimientos exigidos por osiptel mtc e inei elaborar y analizar reportes estadísticos de la empresa a ser remitidos a diferentes entidades regulatorias del estado analizar y evaluar proyectos normativos regulatorios en el sector telecomunicaciones administrar y coordinar la implementación de proyectos regulatorios económicos exigidos por la norma vigente del sector telecomunicaciones analizar los procedimientos regulatorios económicos y hacer seguimiento de las obligaciones económicas regulatorias de la empresa analizar y monitorear el mercado mayorista conocimiento de elaboración y análisis de métricas y reportes estadísticos experiencia en coordinación y administración de proyectos análisis de de mercados regulados análisis económico y de la competencias tarifas etc así como con organismos reguladores osiptel osinergmin sunas sunarp o indecopi",2013,9,"symplicity","Analista de Regulación Económica y Mayorista","Coordinar con diferentes áreas de la Empresa sobre los requerimientos exigidos por OSIPTEL, MTC e INEI.
•Elaborar y analizar reportes estadísticos de la Empresa a ser remitidos a diferentes Entidades Regulatorias del Estado.
•Analizar y evaluar proyectos normativos regulatorios en el Sector Telecomunicaciones.
•Administrar y coordinar la implementación de proyectos regulatorios económicos exigidos por la norma vigente del sector Telecomunicaciones.
•Analizar los procedimientos regulatorios económicos y hacer seguimiento de las obligaciones económicas regulatorias de la Empresa.
•Analizar y monitorear el mercado mayorista.","•Conocimiento de elaboración y análisis de métricas y reportes estadísticos.
•Experiencia en coordinación y administración de proyectos, Análisis de de mercados Regulados, Análisis económico y de la competencias, tarifas, etc. Así como con Organismos Reguladores ( OSIPTEL, OSINERGMIN, SUNAS, SUNARP O INDECOPI).","América Móvil Perú S.A.C. (20467534026)",,,,"X",,,
"analista financiero control de gastos coordinar elaborar modificación de presupuesto y presentación a las gerencias elaboración de reportes de control de gastos y proyectos estratégicos administración del control y distribución de gastos seguimiento de indicadores clave de la compañía y empresas afiliadas seguimiento de indicadores del mercado de seguros y variables económicas conocimiento en control de gastos conocimiento de indicadores de gestión conocimiento en planeamiento financiero dominio avanzado del excel deseable manejo del sap experiencia mínimo de 2 años de experiencia como analista en control de gestión planeamiento financiero control de gastos",2015,4,"symplicity","Analista Financiero (Control de Gastos)","-Coordinar, elaborar, modificación de presupuesto y presentación a las Gerencias.
-Elaboración de reportes de control de gastos y proyectos estratégicos.
-Administración del control y distribución de gastos.
-Seguimiento de indicadores clave de la compañía y empresas afiliadas.
-Seguimiento de indicadores del mercado de seguros y variables económicas.","-Conocimiento en Control de Gastos.
-Conocimiento de Indicadores de Gestión.
-Conocimiento en Planeamiento Financiero.
-Dominio avanzado del Excel.
-Deseable manejo del SAP.

Experiencia:
-Mínimo de 2 años de experiencia como analista en control de gestión, planeamiento financiero, control de gastos.","La Positiva Vida Seguros y Reaseguros (20454073143)",,"X",,,,,
"practicante de economía elaboración de presentaciones búsqueda de información manejo de base de datos revisión bibliográfica redacción de artículos apoyo en la elaboración de proyectos de investigación manejo básico de stata e eviews",2015,7,"symplicity","Practicante de Economía","- Elaboración de presentaciones.
- Búsqueda de información.
- Manejo de base de datos.
- Revisión bibliográfica.
- Redacción de artículos.
- Apoyo en la elaboración de proyectos de investigación.","Manejo básico de STATA e EViews.","Instituto Peruano de Economía (20254929353)",,,,,"X",,
